Domain,Price
ziplink.io,38
snapurl.com,28
snapurl.io,None
quicklink.com,None
quicklink.ai,23
jumplink.io,None
jumplink.ai,None
hoplink.ai,26
skipurl.io,None
skipurl.ai,None
leaplink.com,10
zoomlink.com,None
zoomlink.ai,16
rushlink.com,None
rushlink.io,43
rushlink.ai,None
boltlink.com,None
boltlink.ai,None
flashurl.ai,None
taplink.io,33
pressurl.com,41
pressurl.io,None
touchlink.com,46
touchlink.io,17
touchlink.ai,26
hitlink.com,None
hitlink.io,39
golink.com,None
golink.ai,None
runlink.com,37
runlink.io,44
runlink.ai,None
flylink.com,None
flylink.io,40
flylink.ai,None
glideurl.ai,37
slidelink.com,31
slidelink.io,None
smartlink.com,None
smartlink.io,None
smartlink.ai,36
cleverurl.com,39
geniuslink.ai,None
sharpurl.io,35
keenlink.ai,11
acuteurl.com,39
acuteurl.io,34
acuteurl.ai,49
aptlink.com,None
aptlink.ai,43
sagelink.io,None
wiseurl.ai,31
brainlink.ai,None
mindurl.com,25
mindurl.io,16
mindurl.ai,None
thinklink.io,None
thinklink.ai,33
logicurl.io,None
reasonlink.com,41
reasonlink.io,12
reasonlink.ai,49
neurallink.ai,None
synapseurl.com,18
synapseurl.io,None
cognilink.com,None
cognilink.io,16
cognilink.ai,11
intellecturl.com,None
intellecturl.io,None
intellecturl.ai,None
iqlink.io,None
memorablelink.com,None
memorablelink.io,43
rememberlink.com,17
rememberlink.ai,18
mindfulurl.com,31
mindfulurl.io,None
mindfulurl.ai,45
stickylink.com,None
stickylink.io,11
grablink.io,None
keeplink.com,32
keeplink.ai,None
saveurl.com,12
saveurl.ai,None
storelink.com,33
storelink.ai,None
vaulturl.com,None
vaulturl.io,26
vaulturl.ai,21
cachelink.com,None
cachelink.io,46
retainurl.com,44
retainurl.ai,14
humanurl.com,24
humanurl.ai,18
peoplelink.com,None
peoplelink.io,None
friendlyurl.com,None
friendlyurl.io,23
sociallink.com,None
personaurl.com,23
personaurl.io,None
personaurl.ai,30
humanize.ai,44
naturallink.com,16
reallink.io,None
reallink.ai,18
authenticurl.io,34
authenticurl.ai,48
genuinelink.io,28
genuinelink.ai,46
trueurl.com,46
trueurl.io,30
honestlink.com,19
honestlink.io,None
honestlink.ai,None
pureurl.com,11
pureurl.io,None
simplelink.io,32
simplelink.ai,30
speakurl.io,23
speakurl.ai,None
saylink.io,None
saylink.ai,None
tellurl.io,28
tellurl.ai,49
talklink.com,43
talklink.io,None
voiceurl.com,None
voiceurl.ai,40
wordlink.com,47
wordlink.ai,None
phraseurl.io,None
speechlink.io,None
utterurl.com,49
utterurl.io,None
utterurl.ai,None
pronounceurl.io,None
articulink.ai,20
expressurl.com,None
expressurl.io,26
expressurl.ai,None
tinyurl.ai,11
minilink.io,36
microurl.io,27
nanolink.ai,None
picourl.io,None
picourl.ai,None
bitlink.com,14
bitlink.ai,None
byteurl.com,None
byteurl.io,47
compactlink.ai,None
briefurl.com,None
crispurl.ai,23
tightlink.io,38
tightlink.ai,36
slimurl.io,35
slimurl.ai,33
trimlink.io,None
neaturl.com,None
neaturl.io,None
neaturl.ai,45
linksmart.io,39
urlgenius.io,28
urlgenius.ai,19
linkcraft.io,32
linkcraft.ai,20
urlforge.io,41
linkmaker.io,13
linkmaker.ai,None
urlbuilder.com,33
urlbuilder.ai,37
urlartisan.com,15
urlartisan.ai,None
linkdesign.com,None
linkdesign.ai,None
urlstudio.io,13
linklab.io,None
linklab.ai,13
urlworks.io,31
urlmill.com,42
linkhub.ai,None
pixellink.com,18
pixellink.io,None
digitalurl.com,20
digitalurl.io,None
digitalurl.ai,22
binarylink.com,17
binarylink.io,None
quantumurl.ai,15
atomiclink.com,None
plasmalink.io,None
plasmalink.ai,None
laserurl.com,None
laserurl.io,None
laserurl.ai,40
photonlink.com,None
photonlink.io,None
electronurl.com,19
electronurl.ai,47
neutronurl.io,None
neutronurl.ai,33
particlelink.com,20
waveurl.com,37
waveurl.io,11
waveurl.ai,16
fieldlink.com,26
weblink.io,21
neturl.com,None
cyberlink.io,11
cyberlink.ai,None
onlineurl.io,None
onlineurl.ai,47
virtuallink.io,41
serverlink.com,None
serverlink.ai,None
hosturl.io,None
domainlink.com,None
domainlink.io,None
siteurl.ai,None
pagelink.ai,None
gatewaylink.com,19
gatewaylink.ai,43
accessurl.ai,None
connectlink.com,39
connectlink.ai,None
clearlink.ai,38
cleanurl.com,None
cleanurl.io,48
cleanurl.ai,33
purelink.com,35
purelink.io,40
purelink.ai,28
plainurl.ai,48
rawurl.com,42
baselink.io,None
coreurl.com,10
coreurl.ai,None
fundamentalurl.io,None
fundamentalurl.ai,None
primarylink.com,None
mainurl.io,None
centrallink.com,27
centrallink.ai,None
vitallink.com,None
funlink.com,36
funlink.io,42
funlink.ai,None
playurl.io,35
playurl.ai,None
joylink.com,43
happyurl.ai,None
smilelink.com,18
laughurl.com,None
laughurl.ai,None
gigglelink.com,14
gigglelink.io,38
chuckleurl.com,None
chuckleurl.io,None
amuselink.com,None
cheerlink.com,27
cheerlink.io,12
brighturl.io,None
sunnylink.com,22
sunnylink.io,27
warmurl.com,None
warmurl.io,36
warmurl.ai,31
glowlink.io,29
glowlink.ai,None
prolink.com,47
prolink.io,33
bizurl.com,None
bizurl.ai,None
officelink.io,19
deskurl.com,30
deskurl.io,37
deskurl.ai,48
suitelink.com,38
firmurl.com,29
firmurl.ai,44
agencylink.com,None
agencylink.io,None
agencylink.ai,27
studiourl.ai,34
lablink.io,12
lablink.ai,49
shopurl.com,None
shopurl.io,39
storelink.com,19
marketurl.io,None
marketurl.ai,17
tradelink.io,None
tradelink.ai,48
herelink.com,None
herelink.ai,None
thereurl.com,40
thereurl.ai,11
wherelink.io,29
placeurl.com,44
placeurl.io,35
spotlink.io,None
spotlink.ai,47
pointurl.ai,None
mapurl.com,None
mapurl.io,None
locatelink.ai,12
findurl.ai,None
searchlink.com,20
searchlink.ai,None
seekurl.ai,None
huntlink.com,None
huntlink.io,None
trackurl.com,None
trackurl.ai,31
nowlink.com,None
nowlink.ai,None
instanturl.io,34
instanturl.ai,44
momentlink.com,None
momentlink.ai,50
quicklink.com,32
fasturl.io,None
speedlink.com,None
speedlink.io,None
rapidurl.ai,None
swiftlink.com,25
swiftlink.ai,None
readylink.com,44
gourl.ai,None
startlink.com,27
startlink.io,None
beginurl.com,44
beginurl.ai,None
launchlink.com,None
launchlink.ai,None
eliteurl.ai,27
choiceurl.com,23
choiceurl.io,None
choiceurl.ai,None
primelink.com,37
primelink.io,None
primelink.ai,43
topurl.com,30
topurl.ai,None
bestlink.io,10
ultralink.com,None
ultralink.ai,None
megaurl.io,46
maxlink.io,43
maxlink.ai,None
plusurl.io,None
plusurl.ai,None
prolink.com,23
goldurl.com,23
goldurl.ai,None
platinumlink.io,19
platinumlink.ai,47
getlink.com,37
getlink.ai,None
makeurl.com,20
makeurl.ai,33
createlink.io,47
buildurl.com,None
buildurl.io,None
formlink.com,24
moldlink.com,None
moldlink.io,48
casturl.com,47
forgelink.io,28
crafturl.com,None
crafturl.io,None
crafturl.ai,None
designlink.com,None
designlink.io,None
designlink.ai,None
styleurl.io,17
styleurl.ai,25
fashionlink.io,17
customlink.ai,20
bridgelink.com,None
connecturl.ai,37
joinlink.com,28
mergeurl.com,12
mergeurl.io,None
unitelink.io,None
unitelink.ai,None
bondurl.com,None
tielink.com,None
tielink.ai,None
chainurl.io,None
couplelink.io,18
couplelink.ai,32
pairurl.io,40
matchlink.com,None
matchlink.io,38
matchlink.ai,25
fiturl.com,None
fiturl.ai,13
suitlink.com,None
alignurl.com,29
alignurl.io,None
synclink.io,46
synclink.ai,38
viewurl.io,14
viewurl.ai,24
seelink.com,37
seelink.io,24
lookurl.com,None
gazeurl.io,11
peeklink.com,None
peeklink.ai,None
glimpseurl.com,47
glimpseurl.ai,38
sightlink.io,29
focuslink.io,28
zoomurl.io,None
zoomurl.ai,None
magnifylink.com,None
magnifylink.ai,24
enhanceurl.ai,31
amplifylink.io,25
morphlink.com,16
morphlink.ai,None
shifturl.com,None
shifturl.io,40
shifturl.ai,17
alterurl.io,None
alterurl.ai,13
modifylink.com,None
modifylink.io,None
modifylink.ai,28
adapturl.com,38
adapturl.ai,20
evolvelink.com,None
evolvelink.io,None
transformurl.com,None
transformurl.io,None
transformurl.ai,43
convertlink.io,16
convertlink.ai,42
switchurl.com,41
switchurl.io,21
switchurl.ai,None
fliplink.com,None
fliplink.io,16
fliplink.ai,11
pivotlink.io,15
pivotlink.ai,36
basiclink.com,46
plainurl.com,29
plainurl.ai,None
clearlink.io,None
clearlink.ai,43
pureurl.com,21
pureurl.io,None
barelink.com,None
rawurl.com,None
stripurl.io,49
cleanlink.com,None
cleanlink.ai,None
tidyurl.com,46
neatlink.io,None
neatlink.ai,None
orderlyurl.com,None
orderlyurl.io,29
organizedlink.com,None
organizedlink.io,None
organizedlink.ai,None
discoverurl.io,11
explorelink.io,None
ventureurl.com,None
ventureurl.ai,32
questlink.com,31
questlink.ai,None
treklink.com,None
pathurl.com,None
pathurl.io,16
pathurl.ai,None
routelink.com,39
roadlink.com,14
roadlink.io,27
trailurl.com,None
trailurl.io,46
courselink.com,34
directionurl.io,24
directionurl.ai,12
guidelink.com,None
guidelink.io,49
nextlink.io,None
nextlink.ai,None
futureurl.io,49
futureurl.ai,None
aheadlink.ai,42
forwardurl.com,None
forwardurl.io,None
forwardurl.ai,50
advancelink.com,None
advancelink.ai,None
progressurl.com,23
progressurl.io,None
evolvelink.io,None
evolvelink.ai,None
developurl.com,None
developurl.io,None
growlink.io,None
growlink.ai,None
riseurl.io,14
riseurl.ai,48
climblink.com,None
ascendurl.com,None
ascendurl.io,45
elevatelink.com,None
elevatelink.io,36
lifturl.ai,None
boostlink.com,None
boostlink.ai,25
trustlink.ai,None
secureurl.com,11
safelink.com,None
guardurl.io,36
protectlink.com,None
protectlink.ai,None
shieldurl.io,None
shieldurl.ai,None
armorlink.io,28
defendurl.com,30
defendurl.io,38
coverlink.com,20
coverlink.io,32
shelterurl.com,30
shelterurl.io,None
shelterurl.ai,None
harborlink.com,None
harborlink.ai,None
havenurl.com,43
havenurl.ai,None
refugelink.com,37
refugelink.io,10
sanctuaryurl.com,25
sanctuaryurl.io,None
fortresslink.com,15
fortresslink.io,None
optimallink.com,None
optimallink.io,None
efficienturl.io,None
efficienturl.ai,19
effectivelink.io,35
effectivelink.ai,18
productiveurl.io,None
productiveurl.ai,None
usefullink.com,None
usefullink.ai,None
practicalurl.com,None
practicalurl.io,12
practicalurl.ai,None
functionallink.io,44
workingurl.io,None
activelink.com,None
activelink.io,None
liveurl.com,34
liveurl.io,47
runninglink.com,21
runninglink.ai,44
operatingurl.com,13
operatingurl.io,20
performinglink.com,45
performinglink.io,None
executingurl.ai,None
doinglink.io,13
doinglink.ai,18
zestlink.com,25
zestlink.ai,35
vibeurl.io,28
vibeurl.ai,None
rhythmurl.com,47
rhythmurl.io,None
rhythmurl.ai,23
beatlink.com,44
beatlink.ai,33
tempourl.com,31
tempourl.io,None
tempourl.ai,None
pacelink.io,15
pacelink.ai,None
flowurl.com,None
flowurl.ai,12
streamlink.io,29
tidelink.com,None
waveurl.ai,40
ripplelink.com,None
ripplelink.io,None
ripplelink.ai,None
echourl.ai,None
resonatelink.com,12
resonatelink.io,11
zenlink.com,None
alphaurl.com,None
alphaurl.io,31
primeurl.com,27
primeurl.ai,None
corelink.io,None
corelink.ai,None
axisurl.com,40
axisurl.io,None
axisurl.ai,25
hublink.ai,48
nexusurl.com,28
centerlink.com,16
centerlink.io,None
hearturl.com,None
hearturl.io,None
soullink.io,None
spiriturl.com,None
spiriturl.io,46
spiriturl.ai,26
essencelink.com,30
essencelink.ai,None
beingurl.io,None
entitylink.com,21
circlelink.com,None
circlelink.io,None
squareurl.com,None
trianglink.com,46
trianglink.io,27
hexurl.com,34
hexurl.io,None
hexurl.ai,15
octaform.io,24
sphereurl.com,None
sphereurl.ai,37
cubelink.com,35
prismurl.com,None
prismurl.io,None
prismurl.ai,10
arcurl.com,None
arcurl.ai,None
curvelink.ai,None
lineurl.com,None
dotlink.ai,26
pointurl.com,None
pointurl.io,43
pointurl.ai,None
leaflink.com,25
leaflink.io,None
rootlink.io,None
branchurl.com,None
bloomlink.com,26
bloomlink.ai,34
flowerurl.io,None
flowerurl.ai,None
seedlink.ai,None
growthurl.com,16
greenlink.ai,17
ecourl.io,33
ecourl.ai,None
biolink.io,21
vitalink.com,None
vitalink.io,None
vitalink.ai,21
livingurl.com,None
organiclink.com,None
organiclink.io,None
sparklink.com,12
sparklink.ai,42
bolturl.com,None
chargelink.io,None
powerurl.io,None
powerurl.ai,36
forceurl.com,None
forceurl.io,32
drivelink.com,23
drivelink.ai,None
fuelurl.com,None
boostlink.ai,None
surgeurl.com,12
surgeurl.io,None
surgeurl.ai,31
voltlink.com,34
ampurl.io,None
ampurl.ai,None
wattlink.com,41
jolturl.ai,11
zaplink.com,None
zaplink.io,None
zaplink.ai,26
telllink.com,15
telllink.ai,None
shareurl.com,42
shareurl.io,None
spreadlink.io,11
spreadlink.ai,None
broadcasturl.com,46
transmitlink.io,23
sendurl.com,None
deliverlink.com,46
deliverlink.io,44
deliverlink.ai,38
conveyurl.io,45
relaylink.ai,None
passurl.ai,10
handlink.com,21
handlink.io,32
giveurl.com,32
offerlink.io,30
presenturl.ai,20
neonlink.com,None
neonlink.ai,18
retrourl.com,None
vintagelink.io,None
modernurl.com,None
contemporarylink.io,None
currenturl.com,None
currenturl.io,46
currenturl.ai,39
nowurl.ai,None
todaylink.com,39
todaylink.io,None
freshurl.com,30
freshurl.io,21
newlink.com,None
newlink.ai,46
novelurl.com,None
novelurl.ai,43
uniqueurl.com,26
rarelink.com,21
venturelink.com,None
venturelink.ai,None
startupurl.ai,None
launchlink.com,None
launchlink.io,32
launchlink.ai,None
kickoffurl.ai,None
beginlink.ai,None
initiateurl.com,24
initiateurl.io,43
commencelink.ai,32
starturl.com,47
openlink.ai,None
reveallink.com,None
displaylink.io,None
exhibiturl.com,None
exhibiturl.ai,34
presentlink.ai,None
applink.io,None
applink.ai,None
codelink.com,13
codelink.ai,47
devurl.com,19
devurl.io,12
programlink.io,None
scripturl.com,None
functionlink.io,47
methodurl.ai,None
processlink.com,41
systemurl.ai,None
platformlink.com,None
platformlink.io,13
platformlink.ai,42
frameworkurl.com,49
frameworkurl.io,None
frameworkurl.ai,22
librarylink.com,41
librarylink.io,16
librarylink.ai,None
moduleurl.io,None
moduleurl.ai,36
packagelink.io,None
packagelink.ai,None
socialink.com,None
socialink.io,None
socialink.ai,37
viralurl.io,None
trendlink.io,None
trendlink.ai,None
buzzurl.com,None
buzzurl.ai,None
famouslink.com,None
famouslink.io,None
knownurl.com,33
knownurl.io,None
knownurl.ai,None
recognizedlink.com,None
recognizedlink.io,40
notedurl.ai,40
remarkablelink.com,39
notableurl.com,45
notableurl.io,40
prominentlink.com,None
prominentlink.ai,41
distinguishedlink.com,36
distinguishedlink.ai,22
datalink.com,None
datalink.ai,21
factlink.ai,None
truthurl.com,19
truthurl.io,32
truthurl.ai,47
realitylink.com,None
realitylink.io,11
actualurl.com,16
actualurl.io,None
actualurl.ai,None
genuinelink.com,None
genuinelink.io,47
authenticurl.io,None
validlink.io,48
validlink.ai,None
verifiedurl.io,None
verifiedurl.ai,None
confirmedlink.io,19
provenurl.io,None
testedlink.com,None
testedlink.io,None
checkedurl.io,None
checkedurl.ai,None
youlink.io,None
ourlink.com,26
ourlink.io,11
ourlink.ai,14
usurl.com,16
usurl.io,25
usurl.ai,None
welink.com,35
teamurl.io,None
teamurl.ai,50
grouplink.com,43
grouplink.io,None
communityurl.com,40
communityurl.io,45
communityurl.ai,None
societylink.io,48
societylink.ai,14
folkurl.ai,None
crowdlink.com,None
crowdlink.io,None
crowdlink.ai,None
massurl.com,48
massurl.ai,None
audiencelink.com,None
audiencelink.ai,20
linkify.com,None
urlito.com,None
urlito.io,None
linkado.io,None
urlster.com,49
urlster.io,13
linkly.com,None
urlly.com,None
linkio.com,None
urlio.io,None
urlzy.com,None
urlzy.ai,23
linkr.com,10
urlr.ai,46
linkd.com,None
linkd.io,28
urld.com,26
urld.io,42
linkn.com,18
linkn.ai,34
urln.io,14
urln.ai,49
linkx.com,None
linkx.io,None
urlx.com,30
urlx.io,49
urlq.com,None
urlq.io,24
urlq.ai,None
linkz.ai,None
urlz.com,None
urlz.ai,45
linkv.com,23
linkv.ai,39
zippy.ai,28
urbo.com,46
urbo.ai,None
clicky.com,14
clicky.io,50
clicky.ai,49
shorty.io,31
snappy.com,None
crispy.com,13
bouncy.com,46
hoppy.ai,38
flippy.com,None
flippy.ai,15
tippy.io,None
dippy.io,None
chippy.com,None
chippy.ai,13
rippy.com,27
rippy.ai,None
sippy.ai,31
lippy.com,None
lippy.io,None
lippy.ai,35
linkpop.com,25
linkpop.io,None
urlhop.io,38
linkdrop.com,None
linkdrop.ai,36
urlstop.com,None
linktop.com,None
linktop.io,None
linkspot.com,None
linkspot.io,27
urldot.io,None
urldot.ai,None
linkpot.io,None
urlnot.ai,33
linkgot.ai,23
urllot.com,36
urllot.ai,None
linkbot.com,33
lnk.ai,None
to.com,35
at.com,27
at.ai,None
on.com,38
on.ai,12
in.com,32
in.io,19
in.ai,None
by.io,36
it.com,None
it.ai,None
is.ai,None
be.io,None
be.ai,None
do.com,None
do.io,26
my.io,46
my.ai,None
we.ai,14
gotourl.io,21
asaplink.com,29
asaplink.io,13
asaplink.ai,None
pdqurl.com,None
pdqurl.io,49
pdqurl.ai,31
easyasurl.com,None
quickaslink.com,11
quickaslink.io,None
quickaslink.ai,48
fastnowurl.ai,31
herenowlink.com,10
herenowlink.io,32
herenowlink.ai,16
gogeturl.ai,None
clicknowlink.ai,38
tapnowurl.io,None
blink.com,36
blink.io,None
blink.ai,10
shrink.io,None
think.io,None
think.ai,23
wink.com,None
wink.ai,None
pink.ai,None
sink.com,11
sink.ai,None
rink.io,None
rink.ai,26
mink.com,38
mink.io,22
mink.ai,None
kink.com,None
fink.io,None
quickqlik.com,39
quickqlik.io,None
quickqlik.ai,None
fastfwd.io,46
fastfwd.ai,43
tinytwist.com,48
tinytwist.ai,31
crispclick.com,None
crispclick.io,47
crispclick.ai,None
dashdig.ai,35
flashfast.com,44
gogoget.io,None
hophit.ai,50
